Workbook

Sheet DREAD Matrix
A1: Brew & Bloom Coffee Co. Ordering App — Vulnerability Ranking & Prioritization (DREAD)
A2: Overall Risk = Scoring Weight × Probability × Impact; Probability = R + E + D(iscoverability); Impact = Damage Potential + Affected Users
A4: Vulnerability | B4: Scoring Weight | C4: Damage Potential | D4: Reproducibility | E4: Exploitability | F4: Affected Users | G4: Discoverability | H4: Probability | I4: Impact | J4: Overall Risk | K4: Rank
A5: CWE-20: Improper Input Validation | B5: ='Table 3 Mapping'!B22 -> 11 | C5: 7 | D5: 43 | E5: 9 | F5: =C5 -> 7 | G5: 10 | H5: =D5+E5+G5 -> 62 | I5: =C5+F5 -> 14 | J5: =B5*H5*I5 -> 9548 | K5: =RANK(J5,$J$5:$J$23,0) -> 2
A6: CWE-22: Improper Limitation of a Pathname to a Restricted Directory ('Path Traversal') | B6: ='Table 3 Mapping'!C22 -> 5 | C6: 4 | D6: 23 | E6: 9 | F6: =C6 -> 4 | G6: 9 | H6: =D6+E6+G6 -> 41 | I6: =C6+F6 -> 8 | J6: =B6*H6*I6 -> 1640 | K6: =RANK(J6,$J$5:$J$23,0) -> 7
A7: CWE-77: Improper Neutralization of Special Elements used in a Command ('Command Injection') | B7: ='Table 3 Mapping'!D22 -> 4 | C7: 1 | D7: 9 | E7: 9 | F7: =C7 -> 1 | G7: 1 | H7: =D7+E7+G7 -> 19 | I7: =C7+F7 -> 2 | J7: =B7*H7*I7 -> 152 | K7: =RANK(J7,$J$5:$J$23,0) -> 18
A8: CWE-78: Improper Neutralization of Special Elements used in an OS Command ('OS Command Injection') | B8: ='Table 3 Mapping'!E22 -> 4 | C8: 7 | D8: 19 | E8: 9 | F8: =C8 -> 7 | G8: 9 | H8: =D8+E8+G8 -> 37 | I8: =C8+F8 -> 14 | J8: =B8*H8*I8 -> 2072 | K8: =RANK(J8,$J$5:$J$23,0) -> 6
A9: CWE-79: Improper Neutralization of Input During Web Page Generation ('Cross-site Scripting') | B9: ='Table 3 Mapping'!F22 -> 10 | C9: 6 | D9: 20 | E9: 9 | F9: =C9 -> 6 | G9: 2 | H9: =D9+E9+G9 -> 31 | I9: =C9+F9 -> 12 | J9: =B9*H9*I9 -> 3720 | K9: =RANK(J9,$J$5:$J$23,0) -> 5
A10: CWE-89: Improper Neutralization of Special Elements used in an SQL Command ('SQL Injection') | B10: ='Table 3 Mapping'!G22 -> 15 | C10: 6 | D10: 15 | E10: 9 | F10: =C10 -> 6 | G10: 9 | H10: =D10+E10+G10 -> 33 | I10: =C10+F10 -> 12 | J10: =B10*H10*I10 -> 5940 | K10: =RANK(J10,$J$5:$J$23,0) -> 4
A11: CWE-94: Improper Control of Generation of Code ('Code Injection') | B11: ='Table 3 Mapping'!H22 -> 3 | C11: 4 | D11: 22 | E11: 5 | F11: =C11 -> 4 | G11: 1 | H11: =D11+E11+G11 -> 28 | I11: =C11+F11 -> 8 | J11: =B11*H11*I11 -> 672 | K11: =RANK(J11,$J$5:$J$23,0) -> 12
A12: CWE-200: Exposure of Sensitive Information to an Unauthorized Actor | B12: ='Table 3 Mapping'!I22 -> 4 | C12: 1 | D12: 19 | E12: 9 | F12: =C12 -> 1 | G12: 6 | H12: =D12+E12+G12 -> 34 | I12: =C12+F12 -> 2 | J12: =B12*H12*I12 -> 272 | K12: =RANK(J12,$J$5:$J$23,0) -> 17
A13: CWE-269: Improper Privilege Management | B13: ='Table 3 Mapping'!J22 -> 11 | C13: 1 | D13: 15 | E13: 5 | F13: =C13 -> 1 | G13: 1 | H13: =D13+E13+G13 -> 21 | I13: =C13+F13 -> 2 | J13: =B13*H13*I13 -> 462 | K13: =RANK(J13,$J$5:$J$23,0) -> 15
A14: CWE-287: Improper Authentication | B14: ='Table 3 Mapping'!K22 -> 4 | C14: 3 | D14: 33 | E14: 9 | F14: =C14 -> 3 | G14: 8 | H14: =D14+E14+G14 -> 50 | I14: =C14+F14 -> 6 | J14: =B14*H14*I14 -> 1200 | K14: =RANK(J14,$J$5:$J$23,0) -> 8
A15: CWE-306: Missing Authentication for Critical Function | B15: ='Table 3 Mapping'!L22 -> 4 | C15: 2 | D15: 17 | E15: 9 | F15: =C15 -> 2 | G15: 8 | H15: =D15+E15+G15 -> 34 | I15: =C15+F15 -> 4 | J15: =B15*H15*I15 -> 544 | K15: =RANK(J15,$J$5:$J$23,0) -> 13
A16: CWE-352: Cross-Site Request Forgery (CSRF) | B16: ='Table 3 Mapping'!M22 -> 3 | C16: 5 | D16: 10 | E16: 5 | F16: =C16 -> 5 | G16: 9 | H16: =D16+E16+G16 -> 24 | I16: =C16+F16 -> 10 | J16: =B16*H16*I16 -> 720 | K16: =RANK(J16,$J$5:$J$23,0) -> 10
A17: CWE-400: Uncontrolled Resource Consumption | B17: ='Table 3 Mapping'!N22 -> 2 | C17: 6 | D17: 17 | E17: 9 | F17: =C17 -> 6 | G17: 3 | H17: =D17+E17+G17 -> 29 | I17: =C17+F17 -> 12 | J17: =B17*H17*I17 -> 696 | K17: =RANK(J17,$J$5:$J$23,0) -> 11
A18: CWE-434: Unrestricted Upload of File with Dangerous Type | B18: ='Table 3 Mapping'!O22 -> 3 | C18: 1 | D18: 11 | E18: 5 | F18: =C18 -> 1 | G18: 5 | H18: =D18+E18+G18 -> 21 | I18: =C18+F18 -> 2 | J18: =B18*H18*I18 -> 126 | K18: =RANK(J18,$J$5:$J$23,0) -> 19
A19: CWE-502: Deserialization of Untrusted Data | B19: ='Table 3 Mapping'!P22 -> 3 | C19: 4 | D19: 13 | E19: 5 | F19: =C19 -> 4 | G19: 1 | H19: =D19+E19+G19 -> 19 | I19: =C19+F19 -> 8 | J19: =B19*H19*I19 -> 456 | K19: =RANK(J19,$J$5:$J$23,0) -> 16
A20: CWE-798: Use of Hard-coded Credentials | B20: ='Table 3 Mapping'!Q22 -> 3 | C20: 5 | D20: 20 | E20: 9 | F20: =C20 -> 5 | G20: 10 | H20: =D20+E20+G20 -> 39 | I20: =C20+F20 -> 10 | J20: =B20*H20*I20 -> 1170 | K20: =RANK(J20,$J$5:$J$23,0) -> 9
A21: CWE-862: Missing Authorization | B21: ='Table 3 Mapping'!R22 -> 13 | C21: 10 | D21: 25 | E21: 9 | F21: =C21 -> 10 | G21: 9 | H21: =D21+E21+G21 -> 43 | I21: =C21+F21 -> 20 | J21: =B21*H21*I21 -> 11180 | K21: =RANK(J21,$J$5:$J$23,0) -> 1
A22: CWE-863: Incorrect Authorization | B22: ='Table 3 Mapping'!S22 -> 11 | C22: 11 | D22: 13 | E22: 9 | F22: =C22 -> 11 | G22: 9 | H22: =D22+E22+G22 -> 31 | I22: =C22+F22 -> 22 | J22: =B22*H22*I22 -> 7502 | K22: =RANK(J22,$J$5:$J$23,0) -> 3
A23: CWE-918: Server-Side Request Forgery (SSRF) | B23: ='Table 3 Mapping'!T22 -> 4 | C23: 3 | D23: 10 | E23: 10 | F23: =C23 -> 3 | G23: 1 | H23: =D23+E23+G23 -> 21 | I23: =C23+F23 -> 6 | J23: =B23*H23*I23 -> 504 | K23: =RANK(J23,$J$5:$J$23,0) -> 14
A25: Notes
A26: Values from cwe.mitre.org (CWE List v4.20). Scoring Weight is linked from the Table 3 Mapping sheet.
A27: CWE-918 has no "Likelihood Of Exploit" entry, so Exploitability = 10 per the instructions.

Sheet Table 3 Mapping
A1: Table 3 (p.8) Threat-to-CWE mapping. Scoring Weight = number of checks in each CWE column.
A3: Threat ID | B3: CWE-20 | C3: CWE-22 | D3: CWE-77 | E3: CWE-78 | F3: CWE-79 | G3: CWE-89 | H3: CWE-94 | I3: CWE-200 | J3: CWE-269 | K3: CWE-287 | L3: CWE-306 | M3: CWE-352 | N3: CWE-400 | O3: CWE-434 | P3: CWE-502 | Q3: CWE-798 | R3: CWE-862 | S3: CWE-863 | T3: CWE-918
A4: T-001 | F4: ✓ | G4: ✓ | K4: ✓ | L4: ✓ | R4: ✓
A5: T-002 | F5: ✓ | G5: ✓ | K5: ✓ | L5: ✓ | R5: ✓
A6: T-003 | C6: ✓ | D6: ✓ | E6: ✓ | F6: ✓ | H6: ✓
A7: T-004 | B7: ✓ | F7: ✓ | G7: ✓ | J7: ✓ | M7: ✓ | R7: ✓ | S7: ✓
A8: T-005 | B8: ✓ | G8: ✓ | J8: ✓ | O8: ✓ | R8: ✓ | S8: ✓
A9: T-006 | B9: ✓ | G9: ✓ | J9: ✓ | R9: ✓ | S9: ✓
A10: T-007 | C10: ✓ | D10: ✓ | E10: ✓ | H10: ✓ | O10: ✓ | P10: ✓
A11: T-008 | B11: ✓ | G11: ✓ | J11: ✓ | R11: ✓ | S11: ✓
A12: T-009 | B12: ✓ | G12: ✓ | J12: ✓ | R12: ✓ | S12: ✓
A13: T-010 | B13: ✓ | C13: ✓ | F13: ✓ | G13: ✓ | I13: ✓ | J13: ✓ | Q13: ✓ | R13: ✓ | S13: ✓ | T13: ✓
A14: T-011 | B14: ✓ | C14: ✓ | F14: ✓ | G14: ✓ | I14: ✓ | J14: ✓ | Q14: ✓ | R14: ✓ | S14: ✓ | T14: ✓
A15: T-012 | C15: ✓ | D15: ✓ | E15: ✓ | I15: ✓ | Q15: ✓ | T15: ✓
A16: T-013 | F16: ✓ | G16: ✓ | I16: ✓ | J16: ✓ | R16: ✓ | S16: ✓ | T16: ✓
A17: T-014 | B17: ✓ | D17: ✓ | E17: ✓ | G17: ✓ | H17: ✓ | N17: ✓ | O17: ✓
A18: T-015 | G18: ✓ | N18: ✓
A19: T-016 | B19: ✓ | F19: ✓ | G19: ✓ | J19: ✓ | K19: ✓ | L19: ✓ | M19: ✓ | P19: ✓ | R19: ✓ | S19: ✓
A20: T-017 | B20: ✓ | F20: ✓ | G20: ✓ | J20: ✓ | K20: ✓ | L20: ✓ | M20: ✓ | P20: ✓ | R20: ✓ | S20: ✓
A21: T-018 | B21: ✓ | F21: ✓ | G21: ✓ | J21: ✓ | R21: ✓ | S21: ✓
A22: Scoring Weight | B22: =COUNTIF(B4:B21,"✓") -> 11 | C22: =COUNTIF(C4:C21,"✓") -> 5 | D22: =COUNTIF(D4:D21,"✓") -> 4 | E22: =COUNTIF(E4:E21,"✓") -> 4 | F22: =COUNTIF(F4:F21,"✓") -> 10 | G22: =COUNTIF(G4:G21,"✓") -> 15 | H22: =COUNTIF(H4:H21,"✓") -> 3 | I22: =COUNTIF(I4:I21,"✓") -> 4 | ... T22: =COUNTIF(T4:T21,"✓") -> 4
